Title,Author,Year,Why_Chosen,Type,Domain,Lenses,Source_URL,Priority,Status,Notes
The Kybalion,Three Initiates,1908,Foundational hermetic principles - Seven Universal Laws. Short (70 pages) and accessible for new users. Bridges occult and philosophical perspectives perfectly.,book_esoteric,hermeticism,"symbolic_occult,philosophical,historical_anthropological",https://www.sacred-texts.com/eso/kyb/index.htm,1,Uploaded,
On the Origin of Species,Charles Darwin,1859,Most influential scientific text of modern era. Essential for scientific lens. Shows how empirical observation reveals truth. Readable and culturally significant.,book_science,evolution,"scientific,historical_anthropological",https://www.gutenberg.org/ebooks/1228,1,Uploaded,
The Interpretation of Dreams,Sigmund Freud,1900,Birth of depth psychology. Essential for psychological lens. Shows how unconscious shapes reality. Historical milestone that changed how we see the mind.,book_psychology,psychoanalysis,"psychological,scientific",https://www.gutenberg.org/ebooks/56657,1,Uploaded,
Meditations,Marcus Aurelius,180,Most accessible ancient philosophy. Written by Roman Emperor as personal journal. Timeless wisdom on virtue and resilience. Perfect beginner text.,book_philosophical,stoicism,"philosophical,psychological",https://www.gutenberg.org/ebooks/2680,1,Uploaded,
The Bhagavad Gita,Vyasa,500BCE,"Central Hindu scripture. Shows convergence of duty, devotion, and wisdom. Essential for religious/spiritual lens. Influences billions globally.",book_spiritual,hinduism,"religious_spiritual,philosophical,historical_anthropological",https://www.gutenberg.org/ebooks/2388,1,Uploaded,
The Elements Book I,Euclid,300BCE,Foundation of Western mathematics. Shows logical reasoning and universal patterns. Essential for mathematical lens. Influenced 2000+ years of thought.,reference_table,geometry,"mathematical,philosophical",https://www.gutenberg.org/ebooks/21076,1,Uploaded,
The Golden Bough,James George Frazer,1890,Groundbreaking comparative religion study. Shows ritual patterns across cultures. Essential for historical/anthropological lens. Reveals human universals.,anthropology,comparative_religion,"historical_anthropological,religious_spiritual",https://www.gutenberg.org/ebooks/3623,1,Uploaded,
The Tao Te Ching,Lao Tzu,600BCE,Most translated text after the Bible. 81 short verses of profound wisdom. Shows Eastern spiritual/philosophical convergence. Beautiful and accessible.,book_spiritual,taoism,"religious_spiritual,philosophical,symbolic_occult",https://www.gutenberg.org/ebooks/216,1,Uploaded,
The Republic,Plato,380BCE,Western philosophy's foundation. Introduces Theory of Forms and ideal society. Essential for philosophical lens. Influences all subsequent Western thought.,book_philosophical,political_philosophy,"philosophical,historical_anthropological",https://www.gutenberg.org/ebooks/1497,1,Uploaded,
The Secret Teachings of All Ages,Manly P. Hall,1928,"Encyclopedia of esoteric wisdom. Covers symbolism, alchemy, Qabalah, astrology in one volume. Visual diagrams included. Shows breadth of occult knowledge.",book_esoteric,mystery_traditions,"symbolic_occult,philosophical,historical_anthropological",https://www.sacred-texts.com/eso/sta/index.htm,1,Uploaded,
Thus Spoke Zarathustra,Friedrich Nietzsche,1883,"Poetic philosophy masterpiece. Introduces Übermensch and eternal return. Bridges philosophy, psychology, and spirituality. Culturally influential and readable.",book_philosophical,existentialism,"philosophical,psychological,religious_spiritual",https://www.gutenberg.org/ebooks/1998,1,Uploaded,
The Varieties of Religious Experience,William James,1902,Psychology meets religion. Scientific study of mystical experiences. Bridges scientific and spiritual lenses perfectly. Validates spiritual experience empirically.,book_psychology,religious_psychology,"psychological,religious_spiritual,philosophical",https://www.gutenberg.org/ebooks/621,1,Uploaded,
The Emerald Tablet,Hermes Trismegistus,150CE,"'As above, so below' - most famous occult phrase. Foundation of Western alchemy. Only one page but infinitely interpreted. Essential symbolic text.",book_esoteric,hermeticism,"symbolic_occult,philosophical,historical_anthropological",https://www.sacred-texts.com/alc/emerald.htm,1,Uploaded,
Cosmic Consciousness,Richard Maurice Bucke,1901,Documents mystical enlightenment experiences. Case studies of illuminated individuals. Bridges psychology and spirituality. Shows consciousness evolution.,book_psychology,consciousness,"psychological,religious_spiritual,philosophical",https://www.gutenberg.org/ebooks/8819,1,Uploaded,
The Confessions,St. Augustine,397,First autobiography in Western literature. Profound spiritual conversion narrative. Shows inner psychological struggle. Influences Christian mysticism profoundly.,book_spiritual,christianity,"religious_spiritual,philosophical,psychological",https://www.gutenberg.org/ebooks/3296,1,Uploaded,
The Upanishads,Various Sages,800BCE,Hindu philosophical core texts. 'Thou art That' - reveals unity of self and cosmos. Essential Eastern wisdom. Influenced Schopenhauer and countless others.,book_spiritual,hinduism,"religious_spiritual,philosophical,psychological",https://www.gutenberg.org/ebooks/3283,1,Uploaded,
Isis Unveiled Volume 1,Helena Blavatsky,1877,Launched modern occult revival. Synthesizes Eastern and Western esotericism. Massive influence on New Age thought. Shows cross-tradition synthesis.,book_esoteric,theosophy,"symbolic_occult,philosophical,religious_spiritual,historical_anthropological",https://www.sacred-texts.com/the/iu/index.htm,1,Uploaded,
The Principles of Psychology Vol 1,William James,1890,Founded American psychology. Introduces stream of consciousness concept. Scientific yet philosophical. Shows rigorous psychological thinking.,book_psychology,psychology,"psychological,scientific,philosophical",https://www.gutenberg.org/ebooks/57628,1,Uploaded,
Relativity: The Special and General Theory,Albert Einstein,1920,Einstein explains relativity to general public. Revolutionary physics made accessible. Shows science at highest level. Includes philosophical implications.,book_science,physics,"scientific,philosophical,mathematical",https://www.gutenberg.org/ebooks/5001,1,Uploaded,
The Book of the Sacred Magic of Abramelin,Abraham of Worms,1458,Medieval grimoire with detailed magical system. Influences modern ceremonial magic. Shows practical occult tradition. Structured and systematic approach.,ritual_guide,ceremonial_magic,"symbolic_occult,religious_spiritual",https://www.sacred-texts.com/grim/abr/index.htm,1,Uploaded,
Transcendental Magic,Éliphas Lévi,1856,Revived Western occultism in 19th century. Systematic magical theory. Coined term 'occultism.' Influenced Golden Dawn and all modern magic.,book_esoteric,ceremonial_magic,"symbolic_occult,philosophical",https://www.sacred-texts.com/eso/tm/index.htm,2,Uploaded,
The Descent of Man,Charles Darwin,1871,Applies evolution to humans specifically. Includes sexual selection theory. More philosophical than Origin. Shows human place in nature.,book_science,evolution,"scientific,historical_anthropological,philosophical",https://www.gutenberg.org/ebooks/2300,2,Uploaded,
Psychology of the Unconscious,Carl Jung,1912,Jung breaks from Freud - introduces collective unconscious. Bridges psychology and mythology. Essential for understanding archetypes. Foundational depth psychology.,book_psychology,depth_psychology,"psychological,philosophical,symbolic_occult",https://www.gutenberg.org/ebooks/47942,2,Uploaded,
The Chemical Wedding of Christian Rosenkreutz,Johann Valentin Andreae,1616,Rosicrucian manifesto in allegorical form. Alchemical spiritual transformation narrative. Rich symbolism. Influenced Western esotericism profoundly.,book_esoteric,rosicrucianism,"symbolic_occult,philosophical,religious_spiritual",https://www.sacred-texts.com/sro/rhr/index.htm,2,Uploaded,
Beyond Good and Evil,Friedrich Nietzsche,1886,Nietzsche's mature philosophy. Aphoristic style - highly quotable. Challenges all moral assumptions. Essential modern philosophy.,book_philosophical,existentialism,"philosophical,psychological",https://www.gutenberg.org/ebooks/4363,2,Uploaded,
The Dhammapada,Buddha,500BCE,"Buddha's teachings in verse form. Short, accessible, profound. Essential Buddhist text. Shows path to liberation from suffering.",book_spiritual,buddhism,"religious_spiritual,philosophical,psychological",https://www.gutenberg.org/ebooks/2017,2,Uploaded,
Sepher Yetzirah,Rabbi Akiba ben Joseph,200CE,Oldest Qabalistic text. Hebrew letters and numbers create reality. Mathematical mysticism. Foundation of Jewish mystical tradition.,book_esoteric,qabalah,"symbolic_occult,philosophical,mathematical",https://www.sacred-texts.com/jud/yetzirah.htm,2,Uploaded,
The Voyage of the Beagle,Charles Darwin,1839,Darwin's travel journal - origin of his theories. Shows scientific observation process. Engaging narrative style. Reveals how insights emerge.,book_science,natural_history,"scientific,historical_anthropological",https://www.gutenberg.org/ebooks/944,2,Uploaded,
The Enneads,Plotinus,270,Bridge between Greek philosophy and Christian mysticism. Influenced all Western mysticism. Shows philosophical approach to divine reality.,book_philosophical,neoplatonism,"philosophical,religious_spiritual",https://www.gutenberg.org/ebooks/55317,2,Uploaded,
The Analects,Confucius,500BCE,Confucius' sayings - shaped East Asian civilization. Practical wisdom for ethical living. Shows philosophy as way of life.,book_philosophical,confucianism,"philosophical,historical_anthropological,religious_spiritual",https://www.gutenberg.org/ebooks/3330,2,Uploaded,
The Kabbalah Unveiled,S.L. MacGregor Mathers,1887,Golden Dawn founder translates Zohar. Made Qabalah accessible to Westerners. Systematic presentation. Essential for understanding Western occultism.,book_esoteric,qabalah,"symbolic_occult,philosophical,religious_spiritual",https://www.sacred-texts.com/jud/tku/index.htm,2,Uploaded,
Tetrabiblos,Claudius Ptolemy,150,Classical astrology's foundation text. 2000 years of influence. Mathematical and systematic. Shows astrology's intellectual rigor.,reference_table,astrology,"symbolic_occult,mathematical,scientific",https://www.sacred-texts.com/astro/ptb/index.htm,2,Uploaded,
The Ego and the Id,Sigmund Freud,1923,"Freud's structural model - id, ego, superego. Essential psychoanalytic theory. Short and foundational. Influenced all psychology after.",book_psychology,psychoanalysis,"psychological,philosophical",https://www.gutenberg.org/ebooks/52694,2,Not Found,
The World as Will and Representation,Arthur Schopenhauer,1818,"Will as fundamental reality. Pessimistic but profound. Influenced Nietzsche, Freud, Jung. Bridges Eastern and Western philosophy.",book_philosophical,idealism,"philosophical,psychological",https://www.gutenberg.org/ebooks/40097,2,Uploaded,
Myths and Legends of Ancient Greece and Rome,E.M. Berens,1880,Comprehensive mythology reference. Well-organized and readable. Essential for understanding Western symbolic references. Shows archetypal patterns.,mythology,greco_roman,"historical_anthropological,symbolic_occult,religious_spiritual",https://www.gutenberg.org/ebooks/22381,2,Uploaded,
The Pictorial Key to the Tarot,Arthur Edward Waite,1910,Explains Rider-Waite tarot - most used deck today. Includes card images. Practical and symbolic. Essential for tarot understanding.,book_esoteric,tarot,"symbolic_occult,psychological",https://www.sacred-texts.com/tarot/pkt/index.htm,2,Uploaded,
Harmonices Mundi Book V,Johannes Kepler,1619,"Kepler's 'Music of the Spheres.' Planetary orbits as harmonic ratios. Bridges science, math, and mysticism. Shows mathematical beauty.",book_science,astronomy,"mathematical,scientific,philosophical,symbolic_occult",https://archive.org/details/ioanniskeplerisah00kepl,2,Uploaded,
"The Life of St. Teresa of Jesus, of the Order of Our Lady of Carmel",St. Teresa of Ávila,1565,"A cornerstone of Christian mystical literature.
This autobiography offers a profound, first-hand account of spiritual development and mystical experience, while also providing historical insight into the Carmelite Reform. It strongly supports the psychological, spiritual, and historical lenses.",book_spiritual,christian_mysticism,"religious_spiritual,psychological,historical_anthropological",https://www.sacred-texts.com/chr/teresa/lsa/index.htm,2,Uploaded,
The Interior Castle,Teresa of Ávila,1577,Christian mystical masterpiece. Seven mansions of inner spiritual journey. Profound psychological insight. Practical mysticism.,book_spiritual,mysticism,"religious_spiritual,psychological",https://www.gutenberg.org/ebooks/8120,2,Uploaded,
Self-Reliance and Other Essays,Ralph Waldo Emerson,1844,American transcendentalist manifesto. 'Trust thyself' - empowering philosophy. Accessible and inspiring. Influenced American spiritual thought.,book_philosophical,transcendentalism,"philosophical,religious_spiritual",https://www.gutenberg.org/ebooks/16643,2,queued,
The Art of War,Sun Tzu,500BCE,"Ancient Chinese military strategy. Applied to business, life, spirituality. Short, practical, profound. Shows philosophy in action.",book_philosophical,strategy,"philosophical,historical_anthropological",https://www.gutenberg.org/ebooks/132,2,Uploaded,
I Ching,Anonymous,1000BCE,Chinese divination and wisdom text. 64 hexagrams - life situations. Philosophical and practical. Influenced Leibniz and Jung.,book_esoteric,divination,"symbolic_occult,philosophical,religious_spiritual",https://www.sacred-texts.com/ich/index.htm,2,Uploaded,
The Hermetic Museum Volume 1,Arthur Edward Waite,1893,Collection of alchemical treatises. Historical and symbolic. Shows Western alchemical tradition. Rich in symbolism and metaphor.,book_esoteric,alchemy,"symbolic_occult,philosophical,historical_anthropological",https://www.sacred-texts.com/alc/hm1/index.htm,2,Uploaded,
The Tarot of the Bohemians,Papus,1889,French occultist's tarot system. Connects tarot to Qabalah and astrology. Systematic correspondence system. Influenced occult revival.,book_esoteric,tarot,"symbolic_occult,philosophical",https://www.sacred-texts.com/tarot/tob/index.htm,2,Uploaded,
Magic White and Black,Franz Hartmann,1888,Theosophical perspective on magic. Ethical framework for occult practice. Clear writing. Distinguishes spiritual from selfish magic.,book_esoteric,occultism,"symbolic_occult,philosophical,religious_spiritual",https://www.sacred-texts.com/eso/mwb/index.htm,2,Needs Digitizing,
Christian Astrology,William Lilly,1647,Classic horary astrology text. Practical prediction methods. Historical document showing astrology's role. Detailed and systematic.,book_esoteric,astrology,"symbolic_occult,historical_anthropological",https://www.sacred-texts.com/astro/ca/index.htm,2,Uploaded,Volumes I and II
The Symposium,Plato,385BCE,Plato's dialogue on love (Eros). Beautiful literary form. Introduces concept of platonic love. Philosophy as living conversation.,book_philosophical,ethics,"philosophical,psychological",https://www.gutenberg.org/ebooks/1600,2,Uploaded,
The Discourses,Epictetus,108,Stoic slave-philosopher's teachings. Practical wisdom for daily life. Focus on what you can control. Accessible ancient wisdom.,book_philosophical,stoicism,"philosophical,psychological",https://www.gutenberg.org/ebooks/871,2,queued,
Ethics,Baruch Spinoza,1677,God as nature - pantheistic philosophy. Mathematical format. Influenced Einstein. Bridges philosophy and mysticism.,book_philosophical,rationalism,"philosophical,religious_spiritual",https://www.gutenberg.org/ebooks/3800,2,Uploaded,
The Problems of Philosophy,Bertrand Russell,1912,Clear introduction to philosophy. Analytical approach. Shows philosophical rigor. Accessible to beginners.,book_philosophical,epistemology,"philosophical,scientific",https://www.gutenberg.org/ebooks/5827,2,Uploaded,
The Secret Doctrine Volume 1,Helena Blavatsky,1888,Theosophical cosmology and anthropology. Massive synthesis of Eastern and Western esotericism. Comprehensive esoteric worldview.,book_esoteric,theosophy,"symbolic_occult,philosophical,religious_spiritual",https://www.sacred-texts.com/the/sd/index.htm,2,Uploaded,
The Zohar Volume 1,Moses de Leon,1290,Jewish mystical masterwork. Commentary on Torah revealing hidden meanings. Central Qabalistic text. Profound and poetic.,book_esoteric,qabalah,"religious_spiritual,symbolic_occult,philosophical",https://www.sacred-texts.com/jud/zdm/index.htm,2,Uploaded,
The Metaphysics,Aristotle,350BCE,Western metaphysics foundation. 'First philosophy' - study of being. Influenced all subsequent philosophy. Systematic and rigorous.,book_philosophical,metaphysics,"philosophical,scientific",https://www.gutenberg.org/ebooks/54448,3,queued,
Beyond the Pleasure Principle,Sigmund Freud,1920,Introduces death drive concept. Speculative and philosophical. Shows Freud's theoretical depth. Influenced Lacan and others.,book_psychology,psychoanalysis,"psychological,philosophical",https://www.gutenberg.org/ebooks/44565,3,Uploaded,
The Gay Science,Friedrich Nietzsche,1882,'God is dead' - announces death of absolute values. Joyful philosophy. Prepares for Zarathustra. Aphoristic brilliance.,book_philosophical,existentialism,"philosophical,psychological",https://www.gutenberg.org/ebooks/52914,3,Uploaded,
The Nature of the Physical World,Arthur Eddington,1928,Physicist explains quantum mechanics to public. Shows limits of materialism. Philosophical implications of modern physics.,book_science,physics,"scientific,philosophical",https://www.gutenberg.org/ebooks/48934,3,Uploaded,
Man's Place in Nature,Thomas Huxley,1863,Darwin's defender explains human evolution. Comparative anatomy approach. Shows humans as part of nature. Clear scientific writing.,book_science,evolution,"scientific,philosophical,historical_anthropological",https://www.gutenberg.org/ebooks/2931,3,Uploaded,
The Divine Pymander,Hermes Trismegistus,300CE,Hermetic revelation text. Creation story and divine wisdom. Influenced Renaissance. Shows Hermetic theology.,book_esoteric,hermeticism,"symbolic_occult,religious_spiritual,philosophical",https://www.sacred-texts.com/eso/pym/index.htm,3,Uploaded,
The Yoga Sutras of Patanjali,Patanjali,400BCE,Classical yoga philosophy. 196 sutras on consciousness and liberation. Practical and profound. Foundation of all yoga.,book_spiritual,yoga,"religious_spiritual,philosophical,psychological",https://www.sacred-texts.com/hin/yogasutr.htm,3,Uploaded,
Mysticism,Evelyn Underhill,1911,Comprehensive study of mystical experience. Academic yet experiential. Five stages of mystical path. Bridges traditions.,book_spiritual,mysticism,"religious_spiritual,psychological,philosophical",https://www.gutenberg.org/ebooks/18428,3,Uploaded,
The Art of Worldly Wisdom,Baltasar Gracián,1647,"300 maxims for practical living. Jesuit philosopher's worldly advice. Short, quotable, profound. Philosophy meets psychology.",book_philosophical,practical_philosophy,"philosophical,psychological",https://www.gutenberg.org/ebooks/5690,3,Uploaded,
Bulfinch's Mythology,Thomas Bulfinch,1855,"Greek, Roman, Norse myths compiled. Accessible reference. Shows mythological patterns. Essential cultural literacy.",mythology,comparative_mythology,"historical_anthropological,symbolic_occult,philosophical",https://www.gutenberg.org/ebooks/4928,3,Uploaded,
The Age of Fable,Thomas Bulfinch,1855,Greek and Roman myths retold. Beautiful narrative style. Shows how myths convey meaning. Classic reference.,mythology,greco_roman,"historical_anthropological,symbolic_occult",https://www.gutenberg.org/ebooks/3327,3,Uploaded,
Primitive Culture Volume 1,Edward Burnett Tylor,1871,Founded cultural anthropology. Introduced animism concept. Shows cultural evolution. Historical anthropological thinking.,anthropology,cultural_anthropology,"historical_anthropological,philosophical,religious_spiritual",https://archive.org/details/primitiveculture01tylouoft,3,Uploaded,
Human Nature and Conduct,John Dewey,1922,Pragmatist approach to psychology. Habit as foundation of conduct. Bridges philosophy and psychology. American philosophical psychology.,book_psychology,pragmatism,"psychological,philosophical,scientific",https://www.gutenberg.org/ebooks/41386,3,Uploaded,
The Principles of Light and Color,Edwin Babbitt,1878,Scientific study with esoteric applications. Color healing and vibration. Bridges scientific and occult. Ahead of its time.,book_science,optics,"scientific,symbolic_occult,philosophical",https://www.sacred-texts.com/eso/ihas/index.htm,3,Uploaded,
The Tibetan Book of the Dead,Padmasambhava,800,Tibetan death and rebirth manual. Profound psychology of consciousness. Influenced Western thought. Practical and mystical.,book_spiritual,tibetan_buddhism,"religious_spiritual,philosophical,symbolic_occult",https://www.sacred-texts.com/bud/tib/index.htm,3,Uploaded,
The Gospel of Buddha,Paul Carus,1894,Buddha's life and teachings compiled. Accessible to Western readers. Shows Buddhist path. Bridges East and West.,book_spiritual,buddhism,"religious_spiritual,philosophical,historical_anthropological",https://www.gutenberg.org/ebooks/48361,3,Uploaded,
The Conference of the Birds,Farid ud-Din Attar,1177,Persian Sufi allegory. Birds seek divine king - spiritual journey. Rich symbolism. Beautiful mystical poetry.,book_spiritual,sufism,"religious_spiritual,philosophical,symbolic_occult",https://www.gutenberg.org/ebooks/28688,3,Uploaded,
Totem and Taboo,Sigmund Freud,1913,Applies psychoanalysis to anthropology. Origin of civilization. Controversial but influential. Shows psychological anthropology.,book_psychology,psychoanalysis,"psychological,historical_anthropological,symbolic_occult",https://www.gutenberg.org/ebooks/41214,3,Uploaded,
The Elementary Forms of Religious Life,Émile Durkheim,1912,Sociological approach to religion. Shows social function of sacred. Founded sociology of religion. Influential methodology.,anthropology,sociology_of_religion,"historical_anthropological,religious_spiritual,philosophical",https://archive.org/details/elementaryformso00durk,3,Uploaded,
The Cloud of Unknowing,Anonymous,1370,Medieval Christian mystical text. Apophatic theology - knowing God through unknowing. Contemplative practice manual.,book_spiritual,mysticism,"religious_spiritual,philosophical",https://www.gutenberg.org/ebooks/9347,3,Uploaded,
The Imitation of Christ,Thomas à Kempis,1418,Most read Christian book after Bible. Practical spiritual devotion. Psychological depth. Timeless spiritual wisdom.,book_spiritual,christianity,"religious_spiritual,philosophical,psychological",https://www.gutenberg.org/ebooks/1653,3,Uploaded,
Magic and Religion,Andrew Lang,1901,Distinguishes magic from religion. Anthropological analysis. Shows evolution of religious thought. Early comparative religion.,anthropology,comparative_religion,"historical_anthropological,religious_spiritual,symbolic_occult",https://www.gutenberg.org/ebooks/37811,3,queued,
The Egyptian Book of the Dead,E.A. Wallis Budge,1895,Ancient Egyptian funerary texts. Afterlife journey guide. Rich symbolism. Influenced Western occultism profoundly.,book_spiritual,egyptian_religion,"religious_spiritual,symbolic_occult,historical_anthropological",https://www.sacred-texts.com/egy/ebod/index.htm,3,queued,
The Masnavi Book 1,Jalal ad-Din Rumi,1258,Rumi's masterwork - spiritual poetry and stories. Sufi wisdom in narrative form. Beautiful and profound. Universal spiritual appeal.,book_spiritual,sufism,"religious_spiritual,philosophical,psychological",https://www.sacred-texts.com/isl/masnavi/index.htm,3,queued,
The Alchemy of Happiness,Al-Ghazali,1105,Islamic philosopher on spiritual happiness. Practical ethics and mysticism. Bridges philosophy and spirituality. Accessible wisdom.,book_spiritual,sufism,"religious_spiritual,philosophical,psychological",https://www.gutenberg.org/ebooks/48206,3,queued,
The Mystics of Islam,Reynold Nicholson,1914,Introduction to Sufism by Western scholar. Historical and conceptual. Makes Sufism accessible. Shows Islamic mysticism.,book_spiritual,sufism,"religious_spiritual,historical_anthropological,philosophical",https://www.gutenberg.org/ebooks/45166,3,queued,
The Way of a Pilgrim,Anonymous,1884,Russian Orthodox hesychasm. Jesus Prayer practice narrative. Mystical and practical. Shows Christian meditation tradition.,book_spiritual,eastern_christianity,"religious_spiritual,psychological",https://www.gutenberg.org/ebooks/53425,3,queued,
The Mechanism of the Heavens,Mary Somerville,1831,Female scientist explains celestial mechanics. Made Newton accessible. Historical scientific achievement. Shows women in science.,book_science,astronomy,"scientific,mathematical,philosophical",https://archive.org/details/mechanismofheave00some,3,queued,
Science and the Modern World,Alfred North Whitehead,1925,Process philosophy approach to science. Shows science's philosophical foundations. Influential philosophy of nature.,book_science,philosophy_of_science,"scientific,philosophical",https://archive.org/details/sciencemodernwor00whit,3,queued,
The Divine Proportion,Luca Pacioli,1509,Golden ratio - phi in art and nature. Renaissance mathematics and aesthetics. Visual diagrams. Shows mathematical beauty.,reference_table,sacred_geometry,"mathematical,philosophical,symbolic_occult",https://archive.org/details/divinaproportion00paci,3,queued,
A Treatise on the Circle and the Sphere,Julian Coolidge,1916,Advanced geometry text. Mathematical rigor. Shows geometric principles. Foundation for understanding sacred geometry.,reference_table,geometry,"mathematical,philosophical",https://archive.org/details/treatiseoncircle00cooluoft,3,queued,
The Theory of Numbers,Thomas Heath,1910,Number theory foundations. Mathematical properties and patterns. Shows mathematical mysticism roots. Historical importance.,reference_table,number_theory,"mathematical,philosophical",https://archive.org/details/diophantusalex00heatiala,3,queued,
Jewish Magic and Superstition,Joshua Trachtenberg,1939,Jewish folk magic and mysticism. Historical practices. Shows practical Qabalah. Cultural context for magic.,anthropology,judaism,"historical_anthropological,symbolic_occult,religious_spiritual",https://www.sacred-texts.com/jud/jms/index.htm,3,queued,
Prolegomena to Any Future Metaphysics,Immanuel Kant,1783,Kant's accessible summary of Critique. Epistemology foundations. Shows limits of knowledge. Essential modern philosophy.,book_philosophical,epistemology,"philosophical,scientific",https://www.gutenberg.org/ebooks/52821,4,queued,
The Natural History of Religion,David Hume,1757,Empiricist approach to religion. Natural origins of religious belief. Historical analysis. Influential religious philosophy.,book_philosophical,philosophy_of_religion,"philosophical,historical_anthropological,religious_spiritual",https://www.gutenberg.org/ebooks/4583,4,queued,
An Enquiry Concerning Human Understanding,David Hume,1748,Empiricist epistemology. Skeptical philosophy. Problem of induction. Clear philosophical writing.,book_philosophical,epistemology,"philosophical,psychological",https://www.gutenberg.org/ebooks/9662,4,queued,
The Apology,Plato,399BCE,Socrates' trial defense. Philosophy as examined life. Dramatic and moving. Shows philosophy's moral dimension.,book_philosophical,ethics,"philosophical,historical_anthropological",https://www.gutenberg.org/ebooks/1656,4,queued,
Phaedo,Plato,380BCE,Socrates' death - immortality of soul. Philosophical arguments in dramatic form. Bridge to mysticism. Beautiful dialogue.,book_philosophical,metaphysics,"philosophical,religious_spiritual",https://www.gutenberg.org/ebooks/1658,4,queued,
The Nichomachean Ethics,Aristotle,350BCE,Virtue ethics foundation. Eudaimonia as highest good. Practical wisdom (phronesis). Essential ethical theory.,book_philosophical,ethics,"philosophical,psychological",https://www.gutenberg.org/ebooks/8438,4,queued,
The Alchemists,Morley,1854,Biographies of famous alchemists. Historical context for alchemy. Shows alchemical tradition evolution. Narrative approach.,historical,alchemy,"historical_anthropological,symbolic_occult,philosophical",https://archive.org/details/livesalchemistic00morl,4,queued,
The Book of Black Magic,Arthur Edward Waite,1898,Survey of grimoire tradition. Historical grimoires analyzed. Shows ceremonial magic history. Waite's scholarly approach.,book_esoteric,grimoires,"symbolic_occult,historical_anthropological",https://www.sacred-texts.com/grim/bcm/index.htm,4,queued,
The Rosicrucians,Hargrave Jennings,1870,Rosicrucian history and symbolism. Mysterious fraternity explored. Shows esoteric society. Historical investigation.,historical,rosicrucianism,"historical_anthropological,symbolic_occult,philosophical",https://www.sacred-texts.com/sro/rhr/index.htm,4,queued,
The Comte de Gabalis,Montfaucon de Villars,1670,"Rosicrucian elemental spirits text. Gnomes, undines, sylphs, salamanders. Satirical yet esoteric. Influenced modern occultism.",book_esoteric,elemental_beings,"symbolic_occult,philosophical",https://www.sacred-texts.com/eso/cdg/index.htm,4,queued,
The Practice of Magical Evocation,Franz Bardon,1956,Practical magic instruction. Systematic evocation methods. Modern ceremonial magic. Detailed and practical.,ritual_guide,ceremonial_magic,"symbolic_occult,religious_spiritual",https://archive.org/details/practiceofmagica00bard,4,queued,
The Science of Breath,Yogi Ramacharaka,1904,Western yogi on pranayama. Bridges Eastern and Western. Scientific and spiritual. Practical breathwork.,book_spiritual,yoga,"religious_spiritual,scientific,psychological",https://www.sacred-texts.com/hin/sob/index.htm,4,queued,
Light on the Path,Mabel Collins,1885,Theosophical spiritual aphorisms. Mystical poetry and guidance. Beautiful and cryptic. Influenced occult students.,book_spiritual,theosophy,"religious_spiritual,philosophical,symbolic_occult",https://www.sacred-texts.com/the/lop/index.htm,4,queued,
The Voice of the Silence,Helena Blavatsky,1889,Buddhist-influenced theosophical text. Mystical path instructions. Beautiful prose. Blavatsky's mystical side.,book_spiritual,theosophy,"religious_spiritual,philosophical,psychological",https://www.sacred-texts.com/the/vos/index.htm,4,queued,
The Gateless Gate,Ekai Mumon,1228,Zen koans collection. 48 mind-breaking paradoxes. Shows Zen methodology. Brief and profound.,book_spiritual,zen_buddhism,"religious_spiritual,philosophical,psychological",https://www.sacred-texts.com/bud/zen/mumonkan.htm,4,queued,
,,,,,,,,,,
,,,,,,,,,,
The Mathematicall Praeface to Elements of Geometrie of Euclid of Megara,John Dee,,,,,,,,,
"The Life of St. Teresa of Jesus, of the Order of Our Lady of Carmel",St. Teresa of Ávila,1565,"Autobiographical account by a major 16th‑century Carmelite mystic, detailing her inner conversion, trials, visions, and the reform of the Carmelite Order, which became a classic in Christian contemplative literature. This work is crucial for understanding lived mysticism, discernment of spiritual experiences, and the psychology of prayer and transformation within early modern Catholicism, making it a cornerstone for any esoteric and spiritual studies library.",book_spiritual,christian_mysticism​,"religious_spiritual,psychological,philosophical,historical_anthropological", https://www.gutenberg.org/ebooks/8120,1,Uploaded,
Pistis Sophia,G.R.S. Mead,"1896 (first English edition; often reprinted, including 1921 reset)​

","Classic early 20th‑century English rendering of the most extensive pre–Nag Hammadi Gnostic scripture, preserving elaborate post‑resurrection discourses, cosmic hierarchies, and the drama of Sophia’s fall and restoration. This translation strongly influenced Theosophical and Western esoteric receptions of Gnosticism and remains a crucial bridge text for understanding how modern occult, mystical, and scholarly communities approached gnosis, redemption, and the divine feminine",book_esoteric,gnosticism,"religious_spiritual,symbolic_occult,historical_anthropological,philosophical", https://www.sacred-texts.com/chr/ps/index.htm,2,Uploaded,
,,,,,,,,,,
The Apocryphal New Testament,Montague Rhodes James,1924,"Comprehensive collection of early Christian apocryphal texts including gnostic gospels. Foundational for understanding Christian esotericism and its convergence with other wisdom traditions. Bridges religious/spiritual, philosophical, and symbolic/occult lenses.",book_spiritual,gnosticism,"religious_spiritual,philosophical,symbolic_occult,historical_anthropological",[source_url],1,queued,
"Initiation, Human and Solar",Alice A. Bailey,1922,A foundational esoteric text introducing the concept of spiritual initiation and the stages of human spiritual evolution. Influential in theosophical and esoteric traditions.,book_spiritual,theosophy,"religious_spiritual,philosophical",https://www.lucistrust.org/online_books/initiation_human_and_solar,1,Uploaded,